"Name","Action","Direction"
"WFDPRINT-SPOOL-Out-Active","Allow","Outbound"
"NETDIS-SSDPSrv-Out-UDP-Active","Allow","Outbound"
"NETDIS-WSDEVNT-Out-TCP-Active","Allow","Outbound"
"WFDPRINT-SPOOL-In-Active","Allow","Inbound"
"RemoteAssistance-Out-TCP-Active","Allow","Outbound"
"CoreNet-ICMP6-PTB-Out","Allow","Outbound"
"CDPSvc-Out-UDP","Allow","Outbound"
"CoreNet-IPv6-In","Allow","Inbound"
"CDPSvc-WFD-Out-TCP","Allow","Outbound"
"MDNS-Out-UDP-Domain-Active","Allow","Outbound"
"DeliveryOptimization-UDP-In","Allow","Inbound"
"CoreNet-ICMP6-PP-Out","Allow","Outbound"
"CoreNet-ICMP6-RA-In","Allow","Inbound"
"CoreNet-ICMP4-DUFRAG-In","Allow","Inbound"
"CoreNet-DHCP-In","Allow","Inbound"
"NETDIS-DAS-In-UDP-Active","Allow","Inbound"
"CoreNet-DHCPV6-In","Allow","Inbound"
"CDPSvc-Out-TCP","Allow","Outbound"
"WFDPRINT-SCAN-In-Active","Allow","Inbound"
"NETDIS-FDPHOST-In-UDP-Active","Allow","Inbound"
"CoreNet-ICMP6-RS-Out","Allow","Outbound"
"RemoteAssistance-SSDPSrv-Out-UDP-Active","Allow","Outbound"
"RemoteAssistance-SSDPSrv-Out-TCP-Active","Allow","Outbound"
"NETDIS-WSDEVNT-In-TCP-Active","Allow","Inbound"
"CoreNet-ICMP6-NDS-In","Allow","Inbound"
"RemoteAssistance-DCOM-In-TCP-NoScope-Active","Allow","Inbound"
"NETDIS-UPnPHost-Out-TCP-Active","Allow","Outbound"
"NETDIS-WSDEVNTS-In-TCP-Active","Allow","Inbound"
"RemoteAssistance-RAServer-In-TCP-NoScope-Active","Allow","Inbound"
"NETDIS-UPnPHost-In-TCP-Active","Allow","Inbound"
"CoreNet-ICMP6-LR2-Out","Allow","Outbound"
"NVS-FrameServer-In-UDP-NoScope","Allow","Inbound"
"Microsoft-Windows-Enrollment-WinRT-TCP-Out","Allow","Outbound"
"MDNS-Out-UDP-Public-Active","Allow","Outbound"
"DeliveryOptimization-TCP-In","Allow","Inbound"
"CoreNet-ICMP6-LD-Out","Allow","Outbound"
"Microsoft-Windows-DeviceManagement-CertificateInstall-TCP-Out","Allow","Outbound"
"CoreNet-Teredo-Out","Allow","Outbound"
"CoreNet-ICMP6-RS-In","Allow","Inbound"
"WirelessDisplay-Infra-In-TCP","Allow","Inbound"
"NETDIS-FDRESPUB-WSD-In-UDP-Active","Allow","Inbound"
"CoreNet-GP-LSASS-Out-TCP","Allow","Outbound"
"Microsoft-Windows-Troubleshooting-HTTP-HTTPS-Out","Allow","Outbound"
"RemoteAssistance-PnrpSvc-UDP-In-EdgeScope-Active","Allow","Inbound"
"DIAL-Protocol-Server-In-TCP-NoScope","Allow","Inbound"
"NETDIS-FDRESPUB-WSD-Out-UDP-Active","Allow","Outbound"
"WirelessDisplay-Out-TCP","Allow","Outbound"
"WirelessDisplay-Out-UDP","Allow","Outbound"
"RemoteAssistance-RAServer-Out-TCP-NoScope-Active","Allow","Outbound"
"CoreNet-ICMP6-RA-Out","Allow","Outbound"
"CoreNet-ICMP6-NDA-In","Allow","Inbound"
"CoreNet-IPHTTPS-Out","Allow","Outbound"
"NVS-FrameServer-In-TCP-NoScope","Allow","Inbound"
"CoreNet-IGMP-Out","Allow","Outbound"
"NETDIS-NB_Name-In-UDP-Active","Allow","Inbound"
"CoreNet-ICMP6-PP-In","Allow","Inbound"
"CoreNet-DNS-Out-UDP","Allow","Outbound"
"NETDIS-NB_Datagram-Out-UDP-Active","Allow","Outbound"
"CoreNet-Teredo-In","Allow","Inbound"
"NVS-FrameServer-Out-TCP-NoScope","Allow","Outbound"
"CoreNet-ICMP6-NDA-Out","Allow","Outbound"
"AllJoyn-Router-Out-UDP","Allow","Outbound"
"Microsoft-Windows-DeviceManagement-deviceenroller-TCP-Out","Allow","Outbound"
"CoreNet-ICMP6-LQ-Out","Allow","Outbound"
"RemoteAssistance-SSDPSrv-In-UDP-Active","Allow","Inbound"
"NETDIS-LLMNR-Out-UDP-Active","Allow","Outbound"
"CoreNet-ICMP6-TE-Out","Allow","Outbound"
"NETDIS-SSDPSrv-In-UDP-Active","Allow","Inbound"
"CDPSvc-In-UDP","Allow","Inbound"
"CDPSvc-In-TCP","Allow","Inbound"
"MDNS-In-UDP-Private-Active","Allow","Inbound"
"AllJoyn-Router-Out-TCP","Allow","Outbound"
"ProximityUxHost-Sharing-Out-TCP-NoScope","Allow","Outbound"
"NETDIS-LLMNR-In-UDP-Active","Allow","Inbound"
"CoreNet-ICMP6-LR-Out","Allow","Outbound"
"WFDPRINT-DAFWSD-Out-Active","Allow","Outbound"
"CoreNet-ICMP6-PTB-In","Allow","Inbound"
"CoreNet-DHCP-Out","Allow","Outbound"
"CoreNet-IPHTTPS-In","Allow","Inbound"
"AllJoyn-Router-In-TCP","Allow","Inbound"
"AllJoyn-Router-In-UDP","Allow","Inbound"
"RemoteAssistance-PnrpSvc-UDP-OUT-Active","Allow","Outbound"
"CoreNet-ICMP6-LD-In","Allow","Inbound"
"Microsoft-Windows-Unified-Telemetry-Client","Allow","Outbound"
"CoreNet-ICMP6-DU-In","Allow","Inbound"
"WFDPRINT-SCAN-Out-Active","Allow","Outbound"
"NETDIS-NB_Datagram-In-UDP-Active","Allow","Inbound"
"CDPSvc-WFD-In-TCP","Allow","Inbound"
"MDNS-Out-UDP-Private-Active","Allow","Outbound"
"CoreNet-ICMP6-NDS-Out","Allow","Outbound"
"WFDPRINT-DAFWSD-In-Active","Allow","Inbound"
"WirelessDisplay-In-TCP","Allow","Inbound"
"CoreNet-IPv6-Out","Allow","Outbound"
"NETDIS-WSDEVNTS-Out-TCP-Active","Allow","Outbound"
"RemoteAssistance-SSDPSrv-In-TCP-Active","Allow","Inbound"
"ProximityUxHost-Sharing-In-TCP-NoScope","Allow","Inbound"
"CoreNet-IGMP-In","Allow","Inbound"
"CoreNet-GP-NP-Out-TCP","Allow","Outbound"
"CoreNet-ICMP6-LR2-In","Allow","Inbound"
"NETDIS-FDPHOST-Out-UDP-Active","Allow","Outbound"
"CoreNet-ICMP6-LQ-In","Allow","Inbound"
"Microsoft-Windows-DeviceManagement-OmaDmClient-TCP-Out","Allow","Outbound"
"CoreNet-ICMP6-LR-In","Allow","Inbound"
"DIAL-Protocol-Server-HTTPSTR-In-TCP-LocalSubnetScope","Allow","Inbound"
"CoreNet-DHCPV6-Out","Allow","Outbound"
"CoreNet-ICMP6-TE-In","Allow","Inbound"
"MDNS-In-UDP-Domain-Active","Allow","Inbound"
"RemoteAssistance-In-TCP-EdgeScope-Active","Allow","Inbound"
"NETDIS-UPnP-Out-TCP-Active","Allow","Outbound"
"NETDIS-NB_Name-Out-UDP-Active","Allow","Outbound"
"CoreNet-GP-Out-TCP","Allow","Outbound"
"MDNS-In-UDP-Public-Active","Allow","Inbound"
"PlayTo-QWave-Out-TCP-PlayToScope","Allow","Outbound"
"PlayTo-In-UDP-LocalSubnetScope","Allow","Inbound"
"PlayTo-Out-UDP-PlayToScope","Allow","Outbound"
"PlayTo-Out-UDP-LocalSubnetScope","Allow","Outbound"
"PlayTo-In-UDP-NoScope","Allow","Inbound"
"PlayTo-In-RTSP-NoScope","Allow","Inbound"
"PlayTo-QWave-In-UDP-PlayToScope","Allow","Inbound"
"PlayTo-QWave-Out-UDP-PlayToScope","Allow","Outbound"
"PlayTo-HTTPSTR-In-TCP-LocalSubnetScope","Allow","Inbound"
"PlayTo-QWave-In-TCP-PlayToScope","Allow","Inbound"
"PlayTo-SSDP-Discovery-PlayToScope","Allow","Inbound"
"PlayTo-Out-UDP-NoScope","Allow","Outbound"
"PlayTo-UPnP-Events-PlayToScope","Allow","Inbound"
"PlayTo-In-RTSP-LocalSubnetScope","Allow","Inbound"
"PlayTo-In-UDP-PlayToScope","Allow","Inbound"
"PlayTo-HTTPSTR-In-TCP-NoScope","Allow","Inbound"
"PlayTo-HTTPSTR-In-TCP-PlayToScope","Allow","Inbound"
"PlayTo-In-RTSP-PlayToScope","Allow","Inbound"
"{67B44298-B9D3-489E-B2FA-198E40F76AB1}","Allow","Inbound"
"{A52D13BF-0650-4159-B764-238583ABBF23}","Allow","Outbound"
"{9F78162E-93AF-4BF4-835F-FBF2F610B314}","Allow","Outbound"
"{A4070BB9-FF04-49D6-BE8C-408EEA02F6BB}","Allow","Inbound"
"{0FAE1E78-12F3-4523-8D55-28D557AB797E}","Allow","Inbound"
"{E238A2FD-14A1-4740-8D13-42DDF94C6BB3}","Allow","Outbound"
"{C33DB32A-FF4D-4786-A7A2-ABD510B0053E}","Allow","Outbound"
"{E71037C2-6BF9-4286-ACCF-5A298E2F0545}","Allow","Inbound"
"{FBBE892E-C3FF-492D-9FFE-B7E2AC852E9A}","Allow","Outbound"
"{0087F946-B43C-457A-B58E-632DF1B0202C}","Allow","Inbound"
"{852B0394-98AC-4B9B-AB8A-1343B707FA64}","Allow","Outbound"
"{9D31C6B3-0393-490B-9584-A2BC352331E3}","Allow","Outbound"
"{676CE161-685F-49EF-BC22-C8EAC29A51DD}","Allow","Outbound"
"{263FAA0A-1A02-4315-A619-0F738A1CFFDE}","Allow","Outbound"
"{F6C491BC-3F77-4166-8DA7-2A182AB91F49}","Allow","Outbound"
"{3597EA42-9343-4E98-B78A-ACF3D0FFE5FE}","Allow","Inbound"
"{E4FE6B36-C8BC-4943-B6EE-CC4E6759472C}","Allow","Outbound"
"{236DDC29-D95B-442A-AE73-AE49368D4F02}","Allow","Inbound"
"{B191FCDD-EC7D-4798-815C-7098D5DFF413}","Allow","Outbound"
"{7333A0EA-C2E6-44E5-A36A-349F671FC297}","Allow","Outbound"
"{0BC6739E-368A-4244-BFF9-D8AF5DB62E32}","Allow","Outbound"
"{9D437C89-8C8F-46EE-974C-F97129D6276A}","Allow","Inbound"
"{D49BF0B1-EFAB-46F1-9239-ACA1A8FCBAEC}","Allow","Inbound"
"{2C37E571-B1B6-46C0-A0F0-5C0A58D46003}","Allow","Inbound"
"{0C5E46BC-C455-40C7-AC41-F35A6941EB4B}","Allow","Outbound"
"{DEBBD7E4-89E2-4F8D-8CB7-9B06426E0D95}","Allow","Outbound"
"{091B5C4A-C3BE-42C8-B52E-749C179E0BB3}","Allow","Inbound"
"{3AED87D5-80E3-4DE0-B7A5-A472D60EFCB5}","Allow","Outbound"
"{B9526148-2820-491B-BA85-F7F482FC8FE6}","Allow","Outbound"
"{351FA642-E035-45BE-BD5C-9DFEA8009CF6}","Allow","Inbound"
"{D04E2674-132E-45FD-BD5A-E87BAA574CB0}","Allow","Outbound"
"{7C47257D-2943-4C0D-94B9-02F812AFA4A6}","Allow","Outbound"
"{FF6E888F-EBBC-4FE5-B4C1-40BD0841E871}","Allow","Inbound"
"{34D93EC4-97AB-4878-A990-96FB5F7C59AF}","Allow","Outbound"
"{1757E7E1-B745-48BC-B163-D099BD4C9956}","Allow","Inbound"
"{71B56EDA-3A5B-4027-86CB-D8CE053DD0F3}","Allow","Outbound"
"{4AD521BF-C17A-4CFF-BA41-E06FC820CD46}","Allow","Outbound"
"{BF4A83F9-BDD2-48E2-9F88-476BF8ED152E}","Allow","Inbound"
"{70C90E9A-CCF4-4ECC-839D-FEB25E1C99BE}","Allow","Outbound"
"{A09A30C5-2C6C-434D-B036-4D20A8672BE1}","Allow","Inbound"
"{52910761-1A3C-4087-A20F-017367349973}","Allow","Outbound"
"{FFB50F02-2B98-4E04-96F9-41D76C4FC0CD}","Allow","Outbound"
"{A2A4AD7E-0E37-4A10-AB04-B23B8601EB9E}","Allow","Outbound"
"{49C57860-8927-4B43-B461-A4B994F3232D}","Allow","Inbound"
"{E65821FC-8C8C-4AAB-9430-C44E7D27E812}","Allow","Outbound"
"{2C04B28E-85DC-4EFD-BE9C-E599E8995A48}","Allow","Outbound"
"UDP Query User{78F444CE-80EB-43BA-A305-A73D41A86A8C}C:\program files\cisco packet tracer 7.3.0\bin\packettracer7.exe","Allow","Inbound"
"TCP Query User{126E97F9-4FE9-4139-B3E9-B4F1208D0243}C:\program files\cisco packet tracer 7.3.0\bin\packettracer7.exe","Allow","Inbound"
"UDP Query User{462861CB-00AE-473F-9641-0DD7B00501B1}C:\program files\cisco packet tracer 7.3.0\bin\packettracer7.exe","Allow","Inbound"
"TCP Query User{35FFBD3D-CC45-4C38-8BFC-4D3E47EAD75E}C:\program files\cisco packet tracer 7.3.0\bin\packettracer7.exe","Allow","Inbound"
"{BDB0DC36-2DDD-4199-9668-FFAFE46C9DA7}","Allow","Outbound"
"{37EABBC8-DBD8-44B9-B468-0A463207FD1C}","Allow","Outbound"
"{4FB06C21-EA09-4721-9CA6-5A29A761A50B}","Allow","Outbound"
"{AD56AD25-2C61-4BFD-A1A9-6F8AF9409348}","Allow","Outbound"
"{250B3488-AA2D-4F28-8617-E229BA6CBBD6}","Allow","Outbound"
"{DDAC28C1-EA80-49C7-A067-BD4236543BAB}","Allow","Outbound"
"{D0149A86-651A-4E2E-9956-5A0F68E77A9B}","Allow","Outbound"
"{E50278AF-63C2-47CD-8C40-B78FD8441D0D}","Allow","Outbound"
"{806E9468-EEF0-4BF3-8488-569F5D316F50}","Allow","Outbound"
"{D377C525-A67D-4E75-B4B0-FFB44AC4F964}","Allow","Outbound"
"{0630F9F9-FE9F-4D40-9A39-51385217420B}","Allow","Outbound"
"{965BDBE7-B7F9-407C-8728-C70330303C5C}","Allow","Outbound"
"{39B78F74-9C0C-4373-A668-D53D5D44DC14}","Allow","Outbound"
"{9484F1BC-3EBC-409B-AFAC-0A3E8842F679}","Allow","Outbound"
"{7939FFE2-19CD-4131-B071-E634E2051079}","Allow","Outbound"
"{6C5A584C-271F-42FE-82D4-3438E840A1C4}","Allow","Inbound"
"{CA6F4D83-2098-4B19-9A1A-DF2B05A65DD1}","Allow","Outbound"
"{5FCAC322-DCC2-479A-BD3D-E3DB09F173D2}","Allow","Inbound"
"{47D845AA-AB7A-416E-AF49-9CEA4502DF80}","Allow","Outbound"
"{190FFE03-284E-477B-8AF5-98DC02E27D20}","Allow","Outbound"
"{34B84615-0D54-4F97-9E6E-D3FDEE4D30A2}","Allow","Inbound"
"{F7A50AAA-2238-4712-8E82-E4A74DBCCDAE}","Allow","Outbound"
"{30B983EE-E669-470D-9C9E-70F51CBE400A}","Allow","Outbound"
"{8816CFD4-1091-4D63-A0DC-BFDD11435F3A}","Allow","Outbound"
"{EE8FCDD2-4482-4A5C-9323-183B03D4ECEF}","Allow","Outbound"
"{F5D1A301-8D61-472D-977B-D3B42F6D83B4}","Allow","Outbound"
"{6B50BBD1-C45A-490B-9911-10DE40AA8499}","Allow","Inbound"
"{CAD0A099-AD99-46D1-80F0-70288AC9A732}","Allow","Outbound"
"{C7AF9DF1-67E8-4309-AAC6-E5C626F1051B}","Allow","Outbound"
"{06A8BF12-1BC4-4272-A79A-D077B832477B}","Allow","Outbound"
"{52C60551-BC80-496A-B8B2-969C92434B60}","Allow","Outbound"
"{07D4619F-DAD3-4B9A-B9EF-628F4ED0B562}","Allow","Inbound"
"{42A4DD26-36ED-4BE2-B975-E6391B176D5A}","Allow","Outbound"
"{7FAA7919-C544-4BA0-8903-A1B4C9E1CAA7}","Allow","Inbound"
"{37DE81DC-61E4-41EE-882E-0F9AAAB1735B}","Allow","Outbound"
"{D9199A9A-8CF0-4352-A20C-C61385843C42}","Allow","Inbound"
"{C23F92DB-424A-4944-B170-FAC58B8BAA69}","Allow","Outbound"
"{7FD01DDA-6863-4FFA-9F55-B84A717AC433}","Allow","Outbound"
"{48F19F10-74AB-4CCC-8D2E-A1D5FC44E6E3}","Allow","Outbound"
"{6330A84D-6F1A-4703-8FA0-D628FE4FD62A}","Allow","Inbound"
"{DD85E52D-ACF2-43D5-BA5B-B11E168EFFB3}","Allow","Outbound"
"{CBECA7FA-5966-40E5-BDE3-9CC6F6B94FD6}","Allow","Outbound"
"{37D72743-BF7F-4174-AC8F-A6F894781595}","Allow","Inbound"
"{807B9F50-2F52-4435-A8BA-E962DA68A7CE}","Allow","Outbound"
"{D093488C-F862-4CC7-BF35-EF8C4CCCA091}","Allow","Inbound"
"{28DEAF53-99C8-4340-96F2-5506D66F64EB}","Allow","Outbound"
"{9A3A856F-39D6-4F18-B32D-35973F1FA408}","Allow","Inbound"
"{26CB10E2-2D4A-43A7-B223-4BD46170FD2A}","Allow","Outbound"
"{5911B342-14C6-4A5F-9631-942096A2CB29}","Allow","Inbound"
"{AD78293E-0249-49FC-B856-384CF5694A8D}","Allow","Outbound"
"{2C52C190-2AF7-4DF4-9FAD-ED3B2D122761}","Allow","Inbound"
"{AC653759-26DA-422C-B6E0-67BBCB78D165}","Allow","Outbound"
"{06E4C061-077F-4FF5-83A7-7CD26AFD2DFC}","Allow","Inbound"
"{01E8826B-6BCE-4BD4-9F0D-1713C37DE440}","Allow","Outbound"
"{6B27F805-CDF8-420C-9E11-F52E0C12DA63}","Allow","Outbound"
"{B0A818DC-A3BD-4D30-BE9D-F755DA1C0539}","Allow","Outbound"
"{9F1426D9-F7D4-4BE6-A4C7-6532638E600A}","Allow","Inbound"
"{50EE0D66-F75A-4C60-8687-DDA691BF70EA}","Allow","Outbound"
"{7667749B-8EFB-42C7-B7B4-5F6EC0774BE3}","Allow","Outbound"
"{0532A8FC-2064-46EB-90AB-334B4D819700}","Allow","Inbound"
"{D63EB2E5-3D38-498A-A9DF-B833A909237F}","Allow","Outbound"
"{1AD8E575-D86F-4CE0-AA71-5E087EFF7E0F}","Allow","Inbound"
"{474BE792-EC1F-4D05-8C74-2430C9C5AA86}","Allow","Outbound"
"{4F457697-4AD5-40AF-A9F6-DA8DC12FABA4}","Allow","Outbound"
"{78BB8962-480E-4822-B977-59B83202B218}","Allow","Outbound"
"{060A7EAC-95C2-4370-8BF5-DFADCFE999E8}","Allow","Inbound"
"{C65FC9D0-C3C8-43FD-8AEF-509180DD590D}","Allow","Outbound"
"{EF39111D-38E9-406C-A11F-1838BF3DC9C7}","Allow","Inbound"
"{6A3773CF-217B-4F7E-B067-68219315A364}","Allow","Outbound"
"{09FCB158-8F35-40D3-BD3C-6DC2B2438486}","Allow","Outbound"
"{48B54CC9-6818-4526-815E-B9AC2B7B2BE4}","Allow","Outbound"
"{A82873C5-1170-4B22-B0D1-B4C3C12F7E7D}","Allow","Inbound"
"{0B8A9C53-7A8F-4CE9-A335-B9712631AD9B}","Allow","Outbound"
"{9FF84D17-57BC-4346-B119-6C4C4FCA489B}","Allow","Inbound"
"{2C2A93B9-7501-4224-9E15-43C3193412AA}","Allow","Outbound"
"{F4F9FA5C-1CAF-422C-BEA6-20BF16FF6203}","Allow","Inbound"
"{02D2F601-3D5C-4076-AC6C-FE8FE221B74F}","Allow","Outbound"
"{AE825F69-BC7D-4C48-910C-DA3B3F79EB43}","Allow","Inbound"
"{7A18B198-889B-4776-B178-435E1CFC666F}","Allow","Outbound"
"{BA6F590B-146E-4EBF-AE15-79B4E115CAFB}","Allow","Outbound"
"{86382F0C-65E2-405A-8B75-81B4A4950454}","Allow","Outbound"
"{5A9F9BD9-F720-4B63-93E0-309C19A48CB5}","Allow","Outbound"
"{B92AE953-5BDD-4146-8748-8DC83A2FF3E0}","Allow","Outbound"
"{4B1970D3-5322-4B82-8B5E-43AA43C4D477}","Allow","Outbound"
"{6F711EE0-A076-4C4F-A0BD-F099B842F117}","Allow","Outbound"
"{B0067334-97ED-4911-BDC8-702393D4A0A2}","Allow","Inbound"
"{6DD0BBAF-8B96-47A2-93FC-C484863DD634}","Allow","Outbound"
"{A96C80B5-4D50-44DE-847B-B88B23550B0A}","Allow","Inbound"
"{DA611B0B-EE74-4746-9EDA-7257740699BA}","Allow","Outbound"
"{E3962566-A2DB-45AC-8107-A278F6D441FC}","Allow","Outbound"
"{10EBF18D-27AB-4AD2-B054-8D3887BAD350}","Allow","Outbound"
"{5F2AAA01-5505-40FB-A53B-6BBDE9FB0AAC}","Allow","Outbound"
"{AD1D218B-2EEC-4186-B8B2-529E12F21416}","Allow","Outbound"
"{FEA1F686-315F-4A31-BBAC-9025C8DF0FC2}","Allow","Outbound"
"{178C366B-67D5-46C3-8A10-A920C105ECBC}","Allow","Inbound"
"{A7328D74-007F-428D-8875-434CAAD50872}","Allow","Inbound"
"{3697B6E6-8527-45C9-84F7-28BA7EE4567C}","Allow","Inbound"
"{338437E1-CF5E-4215-83B5-51336A916CF9}","Allow","Outbound"
"{E346B105-6054-4096-8527-B48FFFBA5C5E}","Allow","Inbound"
"{801090FA-5004-4904-A067-A0E898093E9C}","Allow","Outbound"
"{3878C7CE-533A-4F30-9D20-05EB75516B45}","Allow","Outbound"
"{F5451657-5010-4FE5-A688-99D7905952E5}","Allow","Inbound"
"{89A7DD6B-736B-46B1-8BBC-40242ECAA55A}","Allow","Outbound"
"{DA70A2CF-0326-478E-AD4B-7BC66026E8C7}","Allow","Inbound"
"{9A1359BE-4C7A-4EC7-BD2E-CAEA8C065B9E}","Allow","Inbound"
"{4BEA6983-3460-481D-B646-C4BE30ACF005}","Allow","Outbound"
"{7BD72ACB-DD59-43A8-823F-A060A1DC6F04}","Allow","Outbound"
"{1340240B-BB07-4764-AFCF-C0A35C97AA37}","Allow","Inbound"
"{136E629D-479F-43EC-8044-A167E2D6EA3E}","Allow","Outbound"
"{4021571A-1117-4986-8A3B-18D3CB623D5B}","Allow","Inbound"
"{C4BF00FF-E189-44B2-8BE9-4FD00CBA64CA}","Allow","Inbound"
"{9D6FFE83-627E-4DE4-A699-360350D84582}","Allow","Outbound"
"{DA0FE98F-B907-4127-8F1E-E7AE50035EA1}","Allow","Outbound"
"{2D16E683-2C91-42D7-9D17-88521CDA40A8}","Allow","Inbound"
"{01B3154F-D436-4257-983B-10EB49F53EEA}","Allow","Inbound"
"{37F84212-FE66-4AFB-A348-3DEDEBD902FD}","Allow","Inbound"
"{9B69B1B4-775F-4768-8675-9C6253DB16FC}","Allow","Inbound"
"{9E3187ED-92E5-4C19-9490-8AFDC856CDC2}","Allow","Inbound"
"{DFBF9A12-4C7A-4739-8988-A50F8C07B9AC}","Allow","Inbound"
"{87552E28-2972-4720-9328-14D2A0941B64}","Allow","Inbound"
"{22EDA4E4-0200-43AC-AEAF-E03E9DC6E8F0}","Allow","Inbound"
"{7BE41466-67AF-4562-B681-99603705FC20}","Allow","Inbound"
"{BD6E4310-5A75-41A6-998B-E969F50892E9}","Allow","Outbound"
"{C5550A47-71D4-4BAB-B885-2E9E1AAC1C06}","Allow","Outbound"
"{12E9FF1C-1575-4B6C-A8DD-008FD8CCF471}","Allow","Inbound"
"{A5F34030-3329-4DD3-8B07-5C0AAD8BF190}","Allow","Outbound"
"{8C98A74F-1543-420A-AD80-1E6070C0E873}","Allow","Outbound"
"{D2610B6D-E6F4-4751-B7FB-06A4D2DEED68}","Allow","Inbound"
"{D3A5549C-C4D0-4510-834D-84020BF76C98}","Allow","Outbound"
"{F515F361-ED00-4159-96EF-CBBC25CF2F10}","Allow","Inbound"
"{EEC46A55-BAE3-4BA2-9AAE-81B881657295}","Allow","Outbound"
"{FE3CACC5-A6F4-4B01-98A3-6629690ABD52}","Allow","Outbound"
"{4C9B9DDC-8CC2-463B-9D72-34AF1D87EF21}","Allow","Outbound"
"{86C199BC-6395-49FA-965E-7B9FD0B4A7FA}","Allow","Outbound"
"{264357CC-7A47-48DC-8B0D-26B61517DCB5}","Allow","Outbound"
"{EBC0D0FC-B16D-4E7F-8737-F4A5736F2848}","Allow","Outbound"
"{37AE6943-FE1C-4E6D-864E-7ACEACFCE17E}","Allow","Outbound"
"{AFC2D960-7D9A-46F7-A042-DAD0EA92E5C5}","Allow","Outbound"
"{E5A50486-1CAA-4DA5-9B4D-16FB6361921E}","Allow","Outbound"
"{BF58DAF5-C55D-4EE2-8581-973309F0F2A1}","Allow","Outbound"
"{2DF58C6E-FDF6-4598-B753-F7AD1980D8CB}","Allow","Outbound"
"{069B20AD-D540-404E-AFE8-29B2C4849656}","Allow","Outbound"
"{4C7DAED6-C550-46EA-AC63-9C64D8A1C459}","Allow","Outbound"
"{FE7A6192-59A2-4100-A4EE-1F489EB775F1}","Allow","Outbound"
"{CCD1D6FC-2AE5-4471-B05F-DDC7F01B955C}","Allow","Outbound"
"{279F3A8F-E172-422A-9656-2CBE6656E646}","Allow","Inbound"
"{CBA46814-CE16-41BD-B6AC-33269C36EBC0}","Allow","Outbound"
"{CB1DBA00-7D57-4AE2-B28A-E867837CF723}","Allow","Outbound"
"{6CFC90D9-F507-4589-8550-444AA3DE4823}","Allow","Outbound"
"{09702B39-1E4E-45F2-B4C8-5F848766D7C6}","Allow","Inbound"
"{A6F51DAF-D402-4D65-A325-6FF5F60705E1}","Allow","Outbound"
"{3B85CDD1-1B2A-4B04-B7DA-BF461FED854A}","Allow","Outbound"
"{C135E93C-CABE-4C59-8F2E-0FDEEBAF9823}","Allow","Outbound"
"UDP Query User{0561031F-CB81-4DA0-9251-65672C4BFECC}C:\program files\videolan\vlc\vlc.exe","Block","Inbound"
"TCP Query User{93AD3E7F-EC95-4453-BDF8-E6BAA2A4EF1A}C:\program files\videolan\vlc\vlc.exe","Block","Inbound"
"{42C347A3-61A0-437C-B0F7-35C7A41028C4}","Allow","Outbound"
"{86297E7D-FF03-4FF2-95C2-0B2060272BD1}","Allow","Outbound"
"{2A3A2329-6E81-45DC-909C-B2978E158454}","Allow","Inbound"
"{B8379082-8B58-412D-A375-3D9D00A635EE}","Allow","Outbound"
"{94966792-1CE1-4DF8-84AF-713A86EC1C73}","Allow","Outbound"
"{1A7166E9-C0DC-4DF7-93E2-CDEA3A2D7C4B}","Allow","Inbound"
"{266FACA4-CEA9-4534-82C9-C13D9C1B7B82}","Allow","Outbound"
"{FC4462BC-29D9-44EF-8FC3-34CB7352E8AB}","Allow","Outbound"
"{FFFA3AD6-2564-49AB-96FA-E4FC18182CC6}","Allow","Outbound"
"{6DDA9C30-7266-4014-BDF4-73D02882CC36}","Allow","Outbound"
"{5946466E-3857-4035-A289-834DD253A8C5}","Allow","Outbound"
"{4DD146C1-EE51-4C24-AA9E-C4D96FF3B9DE}","Allow","Outbound"
"{2BA70598-38E0-45A6-A70F-6A28BF4A0014}","Allow","Outbound"
"{767C52D0-1DE5-4741-BE0E-088B294AC5CA}","Allow","Outbound"
"{FA94FDFE-7166-435F-901E-AD46D9336DC5}","Allow","Outbound"
"{7D02E8E9-679D-46FA-A7A4-235152D31EE2}","Allow","Outbound"
"{BCFA9205-A66B-49CB-8DD3-313C7860AE6D}","Allow","Outbound"
"{D49A50EF-E61F-4445-AF86-2C956E709446}","Allow","Outbound"
"{8EA0932E-D6D7-43E7-9922-8E58AE778B85}","Allow","Outbound"
"{E6A21486-D64A-4E93-89FF-F6D7B8604CF8}","Allow","Outbound"
"{FC0E6AF9-4827-48C0-B28C-18AAA9D3B6A2}","Allow","Outbound"
"{CA5B5908-F17B-426E-8A08-3DA966D1050E}","Allow","Outbound"
"{0156F2FC-84CA-4D5F-918B-F91075C35F12}","Allow","Outbound"
"{141A2255-922A-448A-8852-F422DC87E686}","Allow","Outbound"
"{04525C33-12A7-4832-80CE-164140EA217A}","Allow","Inbound"
"{00075B67-602E-4397-8680-9C8114071416}","Allow","Outbound"
"{E1DE61A1-79CF-447F-B525-7207A66CCF4E}","Allow","Outbound"
"{DA42D402-AA23-44C7-B3AB-91798D41A508}","Allow","Outbound"
"{DF66CA16-5581-4408-80EE-B867414CC8CC}","Allow","Outbound"
"{C69157FB-89A0-4A40-91AB-19FEA6B16B27}","Allow","Outbound"
"{ED983481-A5A0-42DF-98BE-707CC121FCCB}","Allow","Outbound"
"{C17A866C-2535-40E2-978C-4D066DE39C4E}","Allow","Outbound"
"{81591F58-2F15-4E86-8716-CB432345EAB8}","Allow","Outbound"
"{FC7AB2DA-B035-430E-A28A-EF9F5E88DE03}","Allow","Outbound"
"{A68FC369-5357-4359-B786-478730CED49F}","Allow","Outbound"
"{B299810D-4780-4093-A0A4-5D4DFED88A63}","Allow","Inbound"
"{4D6215D0-2CED-4476-BF86-17E753E0DAA5}","Allow","Outbound"
"{127D4E55-2F54-4538-9EFD-4D2020C61335}","Allow","Outbound"
"{6F01F242-6545-43BB-B5EF-54C9031ED60D}","Allow","Outbound"
"{8DC0798F-9BFC-467B-BA86-C3027A31E904}","Allow","Inbound"
"{93FC7CF5-4BD7-4132-88CD-9F717B89C945}","Allow","Outbound"
"{98E071B0-F4AA-4EA8-9787-BF03D5F97F19}","Allow","Inbound"
"{73A2CFBC-A1D8-47EA-A616-D11FA8C1A8B1}","Allow","Outbound"
"{9BF33643-7ECC-454E-8D7D-F7BA42EBCF2C}","Allow","Inbound"
"{2F7CD657-49A2-4269-8096-DDA266A68D26}","Allow","Outbound"
"{2AD0E387-106D-4E14-8CC7-06D02DD9A1F1}","Allow","Inbound"
"{29CAE88B-81C0-4D0D-9DC7-0FED7086BD6A}","Allow","Outbound"
"{4CD74111-C818-40D1-A1A0-5506C88C9796}","Allow","Inbound"
"{BF35E9AC-9968-4BE7-B2B8-AC2904F09549}","Allow","Outbound"
"{14F862AF-4D60-4ADF-8492-52A82F6B24DD}","Allow","Outbound"
"{39931056-D463-4824-BABF-2BB6B9F493DB}","Allow","Inbound"
"{93BA492C-3613-406A-9963-A2AFEB5C2F94}","Allow","Outbound"
"{F3C93DF3-33D6-47B2-828E-B4BD4AD2999F}","Allow","Outbound"
"{E23111BF-58A6-417F-9DA7-EE5B442C60E6}","Allow","Outbound"
"{83F9B340-0829-4062-AED8-A272AE1FFE1E}","Allow","Outbound"
"{F967C8FE-A4FE-46FC-8C9A-8E41D4648E66}","Allow","Outbound"
"{6A8BF793-F041-4B21-8163-AB7E56AE8C3D}","Allow","Outbound"
"{3FC17372-36B5-476D-AF5C-5A158687BF99}","Allow","Outbound"
"{45F4D2D9-7126-48C2-AEB3-9E8ADDAEDDC8}","Allow","Inbound"
"{779435D1-D76D-42F0-A0E1-22E1A9F8AB58}","Allow","Outbound"
"{A8BC6D4E-FEA7-4FCE-9B16-6AC59C4E9A19}","Allow","Outbound"
"{634FE992-6D13-4601-AB46-0E96D73FC6FA}","Allow","Outbound"
"{2E1263A7-75E6-4F43-B1F8-37B043C196B7}","Allow","Outbound"
"{08F485DF-DE3A-47D6-8387-CB616F587DE7}","Allow","Inbound"
"{F9CC311B-4D9C-46AD-B1C9-EA80B2F7DCA6}","Allow","Outbound"
"{22E29C89-754D-40EC-B9A6-D3639520659A}","Allow","Inbound"
"{5B6FC49B-AA72-4E2F-ACB2-1EFAEB350F92}","Block","Inbound"
"{9CB5B320-84C5-42DC-967E-E8C677A7CF2F}","Block","Inbound"
"UDP Query User{0CB16B4A-FEA5-4FBF-AB3A-144E7BCDAEAF}C:\aj\euro truck simulator 2\7launcher\tools\aria2\aria2c.exe","Allow","Inbound"
"TCP Query User{A01963A7-BB72-42F4-9E7C-E5E08EA12E0E}C:\aj\euro truck simulator 2\7launcher\tools\aria2\aria2c.exe","Allow","Inbound"
"{6ADE432E-4A01-4D01-BD3C-02757E0609DF}","Allow","Outbound"
"{4908EE10-B8F0-4721-BAD3-A5BF804642BD}","Allow","Outbound"
"{0B543606-B473-416F-8CFD-125A219311B5}","Allow","Outbound"
"{4F132076-F664-4BB7-8951-AA366871B8AE}","Allow","Outbound"
"{E58FF9B2-3C33-4A58-9B24-C4631F958555}","Allow","Outbound"
"{D51D960C-BE8D-4791-9552-AD29C012703B}","Allow","Inbound"
"{A4D1506E-2FE4-406C-BFB4-BC89C090AB15}","Allow","Outbound"
"{13887686-516F-4BC6-9325-B1D790D3C358}","Allow","Outbound"
"{478E9F1D-C154-48E6-8D74-039F6C0B761F}","Allow","Inbound"
"{6DADC477-62C4-49CB-8414-2C0DFCAB5BBC}","Allow","Outbound"
"{7B887887-231B-444E-84FB-39934F36A787}","Allow","Outbound"
"{E3645C6E-7E27-41CA-9D64-8721291B5880}","Allow","Inbound"
"{03D84AB9-836F-4824-837F-729CE57330F1}","Allow","Outbound"
"{8E3542B8-C1A8-42F4-987A-F4CA310B4DA2}","Allow","Outbound"
"{63EB98A4-F4FB-48B0-87E8-63518AC12AD4}","Allow","Inbound"
"{7D468B1C-9BFC-49E3-A350-EB5E39DD22D4}","Allow","Outbound"
"{05310214-A5AD-4E67-836E-24F68A4E3ECF}","Allow","Inbound"
"{4353F13B-CBEE-4E7A-82F0-2683E659F25A}","Allow","Outbound"
"{AB8C4159-5242-4DE8-81F5-7D41C2EFF5D4}","Allow","Inbound"
"{B47E057F-5DBE-4EA0-B454-369391FAF3D1}","Allow","Outbound"
"{EBA02297-88C3-44CC-AAE4-ADE19D7466B1}","Allow","Inbound"
"{28393945-BA78-4D72-B9CB-6B84BBB721AE}","Allow","Outbound"
"{ECBBE0B4-71C5-4D25-AB51-83EE5C5F5258}","Allow","Outbound"
"{4739DA72-7CB9-47F9-B606-092C15C04CD8}","Allow","Inbound"
"{8EAC5E1A-F8B8-4F8E-B993-9D55E9C47F51}","Allow","Outbound"
"{E1028AA5-CE57-4DF3-9FBD-6057298008F1}","Allow","Outbound"
"{6224B0CB-51F9-4212-8733-051F26EDBB4B}","Allow","Outbound"
"{93202786-8470-4F8A-9CE7-1955A19B0CFD}","Allow","Outbound"
"{54EE4E52-F34D-4F39-8401-7234791CBAAB}","Allow","Outbound"
"{3ECA7F55-78A4-4A57-BF0E-A439385FD17E}","Allow","Outbound"
"{08F0962D-10AA-40F9-A870-CAB7D7F2E488}","Allow","Outbound"
"{B534A0A3-C509-4E6F-82FF-F96C3EE4686C}","Allow","Outbound"
"{F4E5D0B6-9EB2-4DE5-8FA6-AE3E63358726}","Allow","Inbound"
"{358EDED9-F78F-478F-95A2-0119D9F9A718}","Allow","Outbound"
"{A8143985-CC85-420D-A27B-60F6DAA053CE}","Allow","Outbound"
"{C24ABAA0-44F7-4E4B-80B9-6A631A00277F}","Allow","Inbound"
"{A4948BC5-A39D-4BDE-A60F-E0CF25AECEEA}","Allow","Inbound"
"{D6D27B6F-5B67-4EB5-9853-A229DEF9B0C8}","Allow","Inbound"
"{059A1234-56FE-4A86-802D-45BD6B9AEFF8}","Allow","Outbound"
"{E719D6A1-7E2B-40A5-97BB-CC5569758AA0}","Allow","Inbound"
"{6F0FB2DC-433A-4FCA-B0ED-B8B903419C1D}","Allow","Outbound"
"{16248946-F3A5-44A8-81B2-459ABBC3D2F4}","Allow","Outbound"
"{D0EF91FE-14F9-4345-9AF7-865A7CA5BAF2}","Allow","Inbound"
"{9D1873F7-512C-4744-8E03-F90399C53D92}","Allow","Outbound"
"{BB8599D5-442F-4652-8DD0-5BAA6866E3E0}","Allow","Outbound"
"{DDF64EC8-6A5D-40CC-B4DD-A4BCD33A3128}","Allow","Outbound"
"{85ECD963-BA2A-4D6B-8DDD-3BB769B283C4}","Allow","Inbound"
"windows_ie_ac_001-Out-Allow-AllCapabilities","Allow","Outbound"
"Microsoft.AccountsControl_cw5n1h2txyewy-Out-Allow-AllCapabilities","Allow","Outbound"
"Microsoft.Win32WebViewHost_cw5n1h2txyewy-Out-Allow-AllCapabilities","Allow","Outbound"
"Microsoft.Win32WebViewHost_cw5n1h2txyewy-In-Allow-ServerCapability","Allow","Inbound"
"Microsoft.Windows.Apprep.ChxApp_cw5n1h2txyewy-Out-Allow-AllCapabilities","Allow","Outbound"
"Microsoft.Windows.CloudExperienceHost_cw5n1h2txyewy-Out-Allow-AllCapabilities","Allow","Outbound"
"Microsoft.Windows.CloudExperienceHost_cw5n1h2txyewy-In-Allow-ServerCapability","Allow","Inbound"
"Microsoft.Windows.ContentDeliveryManager_cw5n1h2txyewy-Out-Allow-AllCapabilities","Allow","Outbound"
"Microsoft.Windows.ParentalControls_cw5n1h2txyewy-Out-Allow-AllCapabilities","Allow","Outbound"
"Microsoft.Windows.PeopleExperienceHost_cw5n1h2txyewy-Out-Allow-AllCapabilities","Allow","Outbound"
"Microsoft.Windows.PrintQueueActionCenter_cw5n1h2txyewy-Out-Allow-AllCapabilities","Allow","Outbound"
"Microsoft.XboxGameCallableUI_cw5n1h2txyewy-Out-Allow-AllCapabilities","Allow","Outbound"
"MicrosoftWindows.Client.FileExp_cw5n1h2txyewy-Out-Allow-AllCapabilities","Allow","Outbound"
"MicrosoftWindows.Client.OOBE_cw5n1h2txyewy-Out-Allow-AllCapabilities","Allow","Outbound"
"Windows.PrintDialog_cw5n1h2txyewy-Out-Allow-AllCapabilities","Allow","Outbound"
"Microsoft.Windows.NarratorQuickStart_8wekyb3d8bbwe-Out-Allow-AllCapabilities","Allow","Outbound"
"Microsoft.StorePurchaseApp_8wekyb3d8bbwe-Out-Allow-AllCapabilities","Allow","Outbound"
"Microsoft.StorePurchaseApp_8wekyb3d8bbwe-In-Allow-ServerCapability","Allow","Inbound"
"Microsoft.Todos_8wekyb3d8bbwe-Out-Allow-AllCapabilities","Allow","Outbound"
"Microsoft.Todos_8wekyb3d8bbwe-In-Allow-ServerCapability","Allow","Inbound"
"Microsoft.BingNews_8wekyb3d8bbwe-Out-Allow-AllCapabilities","Allow","Outbound"
"6229MusicallyWorld.VidTuber-DownloaderforYouTube.F_0aen7fxb4nfqm-Out-Allow-AllCapabilities","Allow","Outbound"
"6229MusicallyWorld.VidTuber-DownloaderforYouTube.F_0aen7fxb4nfqm-In-Allow-ServerCapability","Allow","Inbound"
"Microsoft.WindowsFeedbackHub_8wekyb3d8bbwe-Out-Allow-AllCapabilities","Allow","Outbound"
"Microsoft.WindowsFeedbackHub_8wekyb3d8bbwe-In-Allow-ServerCapability","Allow","Inbound"
"Microsoft.BingWeather_8wekyb3d8bbwe-Out-Allow-AllCapabilities","Allow","Outbound"
"Microsoft.BingWeather_8wekyb3d8bbwe-In-Allow-ServerCapability","Allow","Inbound"
"AppUp.IntelGraphicsExperience_8j3eq9eme6ctt-Out-Allow-AllCapabilities","Allow","Outbound"
"Microsoft.People_8wekyb3d8bbwe-Out-Allow-AllCapabilities","Allow","Outbound"
"Microsoft.WindowsMaps_8wekyb3d8bbwe-Out-Allow-AllCapabilities","Allow","Outbound"
"MicrosoftWindows.Client.Photon_cw5n1h2txyewy-Out-Allow-AllCapabilities","Allow","Outbound"
"MicrosoftWindows.Client.Photon_cw5n1h2txyewy-In-Allow-ServerCapability","Allow","Inbound"
"5A894077.McAfeeSecurity_wafk5atnkzcwy-Out-Allow-AllCapabilities","Allow","Outbound"
"5A894077.McAfeeSecurity_wafk5atnkzcwy-In-Allow-ServerCapability","Allow","Inbound"
"MicrosoftWindows.Client.WebExperience_cw5n1h2txyewy-Out-Allow-AllCapabilities","Allow","Outbound"
"Microsoft.WindowsTerminal_8wekyb3d8bbwe-Out-Allow-AllCapabilities","Allow","Outbound"
"microsoft.windowscommunicationsapps_8wekyb3d8bbwe-Out-Allow-AllCapabilities","Allow","Outbound"
"microsoft.windowscommunicationsapps_8wekyb3d8bbwe-In-Allow-ServerCapability","Allow","Inbound"
"{66d2f097-d8af-44e5-858c-406dc56c2064}","Allow","Inbound"
"Microsoft.6365217CE6EB4_8wekyb3d8bbwe-Out-Allow-AllCapabilities","Allow","Outbound"
"Microsoft.6365217CE6EB4_8wekyb3d8bbwe-In-Allow-ServerCapability","Allow","Inbound"
"OpenAI.ChatGPT-Desktop_2p2nqsd0c76g0-Out-Allow-AllCapabilities","Allow","Outbound"
"OpenAI.ChatGPT-Desktop_2p2nqsd0c76g0-In-Allow-ServerCapability","Allow","Inbound"
"MicrosoftCorporationII.WindowsSubsystemForLinux_8wekyb3d8bbwe-Out-Allow-AllCapabilities","Allow","Outbound"
"Microsoft.ZuneVideo_8wekyb3d8bbwe-Out-Allow-AllCapabilities","Allow","Outbound"
"Microsoft.ZuneVideo_8wekyb3d8bbwe-In-Allow-ServerCapability","Allow","Inbound"
"Microsoft.WindowsCamera_8wekyb3d8bbwe-Out-Allow-AllCapabilities","Allow","Outbound"
"Microsoft.WindowsCamera_8wekyb3d8bbwe-In-Allow-ServerCapability","Allow","Inbound"
"Microsoft.XboxGamingOverlay_8wekyb3d8bbwe-Out-Allow-AllCapabilities","Allow","Outbound"
"Microsoft.XboxGamingOverlay_8wekyb3d8bbwe-In-Allow-ServerCapability","Allow","Inbound"
"Microsoft.WindowsAlarms_8wekyb3d8bbwe-Out-Allow-AllCapabilities","Allow","Outbound"
"Microsoft.WindowsAlarms_8wekyb3d8bbwe-In-Allow-ServerCapability","Allow","Inbound"
"Microsoft.WidgetsPlatformRuntime_8wekyb3d8bbwe-Out-Allow-AllCapabilities","Allow","Outbound"
"TCP Query User{6DC34EF7-8E34-4052-BCFA-4F0BB49B37E0}C:\program files\docker\docker\resources\com.docker.backend.exe","Allow","Inbound"
"UDP Query User{D2D4062A-F3C4-48AE-9D02-B47592983430}C:\program files\docker\docker\resources\com.docker.backend.exe","Allow","Inbound"
"Microsoft.GamingApp_8wekyb3d8bbwe-Out-Allow-AllCapabilities","Allow","Outbound"
"Microsoft.GamingApp_8wekyb3d8bbwe-In-Allow-ServerCapability","Allow","Inbound"
"Clipchamp.Clipchamp_yxz26nhyzhsrt-Out-Allow-AllCapabilities","Allow","Outbound"
"{C8147682-BB21-4E05-9424-C92D1C247842}","Allow","Inbound"
"{A6BFD5A1-A850-4097-A4CB-482B4A016D7F}","Allow","Inbound"
"{6C450137-D2F3-48A9-9520-A3D6158DA8B1}","Allow","Inbound"
"{D77767CF-D8ED-436F-A976-B87C21C5C024}","Allow","Inbound"
"{E27CB8FB-8A82-4E66-883E-4902B36485B7}","Allow","Inbound"
"{7BFF71F3-EDC6-4014-AC99-52BE0177140E}","Allow","Inbound"
"{1267BAEB-1695-49AC-A5DC-836C6497A296}","Allow","Inbound"
"{DE58F673-5E90-4E93-ACF5-FC589ACBFB87}","Allow","Inbound"
"{EDB24007-E459-4AC1-B076-24CD9BC17CE3}","Allow","Outbound"
"{75B79C2E-89E8-482F-9556-0CE73CE4EA0B}","Allow","Outbound"
"{7949FBD3-6EB4-40DA-A810-BA616ECAE026}","Allow","Inbound"
"Microsoft.WindowsStore_8wekyb3d8bbwe-Out-Allow-AllCapabilities","Allow","Outbound"
"Microsoft.WindowsStore_8wekyb3d8bbwe-In-Allow-ServerCapability","Allow","Inbound"
"{842959D1-4508-4DC1-8181-B3DD85706B6C}","Allow","Inbound"
"5319275A.WhatsAppDesktop_cv1g1gvanyjgm-Out-Allow-AllCapabilities","Allow","Outbound"
"5319275A.WhatsAppDesktop_cv1g1gvanyjgm-In-Allow-ServerCapability","Allow","Inbound"
"Microsoft.MicrosoftOfficeHub_8wekyb3d8bbwe-Out-Allow-AllCapabilities","Allow","Outbound"
"Microsoft.WindowsCalculator_8wekyb3d8bbwe-Out-Allow-AllCapabilities","Allow","Outbound"
"Microsoft.DesktopAppInstaller_8wekyb3d8bbwe-Out-Allow-AllCapabilities","Allow","Outbound"
"Microsoft.DesktopAppInstaller_8wekyb3d8bbwe-In-Allow-ServerCapability","Allow","Inbound"
"{BE3C0AB3-E690-4EAD-BA63-5EC116F709A2}","Allow","Inbound"
"{3F9D668E-7856-4720-919C-7EC678F87EC4}","Allow","Inbound"
"Microsoft.ZuneMusic_8wekyb3d8bbwe-Out-Allow-AllCapabilities","Allow","Outbound"
"Microsoft.ZuneMusic_8wekyb3d8bbwe-In-Allow-ServerCapability","Allow","Inbound"
"Microsoft.AAD.BrokerPlugin_cw5n1h2txyewy-Out-Allow-AllCapabilities","Allow","Outbound"
"Microsoft.AAD.BrokerPlugin_cw5n1h2txyewy-In-Allow-ServerCapability","Allow","Inbound"
"Microsoft.LockApp_cw5n1h2txyewy-Out-Allow-AllCapabilities","Allow","Outbound"
"Microsoft.Windows.StartMenuExperienceHost_cw5n1h2txyewy-Out-Allow-AllCapabilities","Allow","Outbound"
"Microsoft.Windows.StartMenuExperienceHost_cw5n1h2txyewy-In-Allow-ServerCapability","Allow","Inbound"
"MicrosoftWindows.Client.CBS_cw5n1h2txyewy-Out-Allow-AllCapabilities","Allow","Outbound"
"MicrosoftWindows.Client.CBS_cw5n1h2txyewy-In-Allow-ServerCapability","Allow","Inbound"
"MicrosoftWindows.Client.Core_cw5n1h2txyewy-Out-Allow-AllCapabilities","Allow","Outbound"
"MicrosoftWindows.Client.Core_cw5n1h2txyewy-In-Allow-ServerCapability","Allow","Inbound"
"MicrosoftWindows.LKG.AccountsService_cw5n1h2txyewy-Out-Allow-AllCapabilities","Allow","Outbound"
"MicrosoftWindows.LKG.DesktopSpotlight_cw5n1h2txyewy-Out-Allow-AllCapabilities","Allow","Outbound"
"MicrosoftWindows.LKG.DesktopSpotlight_cw5n1h2txyewy-In-Allow-ServerCapability","Allow","Inbound"
"MicrosoftWindows.LKG.IrisService_cw5n1h2txyewy-Out-Allow-AllCapabilities","Allow","Outbound"
"MicrosoftWindows.LKG.RulesEngine_cw5n1h2txyewy-Out-Allow-AllCapabilities","Allow","Outbound"
"MicrosoftWindows.LKG.SpeechRuntime_cw5n1h2txyewy-Out-Allow-AllCapabilities","Allow","Outbound"
"MicrosoftWindows.LKG.TwinSxS_cw5n1h2txyewy-Out-Allow-AllCapabilities","Allow","Outbound"
"WiFiDirect-KM-Driver-Out-UDP","Allow","Outbound"
"Microsoft-Windows-WLANSvc-ASP-CP-In","Allow","Inbound"
"WiFiDirect-KM-Driver-In-TCP","Allow","Inbound"
"WiFiDirect-KM-Driver-Out-TCP","Allow","Outbound"
"Microsoft-Windows-WLANSvc-ASP-CP-Out","Allow","Outbound"
"WiFiDirect-KM-Driver-In-UDP","Allow","Inbound"
"SpotifyAB.SpotifyMusic_zpdnekdrzrea0-Out-Allow-AllCapabilities","Allow","Outbound"
"{3E1A86A0-9D37-410A-BFE3-D96BDB8306C9}","Allow","Inbound"
"{1AB748E6-A18F-454F-B445-5FD424B55250}","Allow","Inbound"
"{8CEA8C29-6778-49B7-9DF4-85BEDF7AA24D}","Allow","Inbound"
"Microsoft.OfficePushNotificationUtility_8wekyb3d8bbwe-Out-Allow-AllCapabilities","Allow","Outbound"
